{"cameraMode":{"drawMode":0,"name":"Shaded","section":"Shading Mode"},"sceneLighting":false,"audioPlay":false,"sceneViewState":{"showFog":true,"showMaterialUpdate":false,"showSkybox":false,"showFlares":true,"showImageEffects":true,"showParticleSystems":true},"in2DMode":false,"pivot":{"x":0.05788461118936539,"y":0.1524907946586609,"z":-0.16815631091594697},"rotation":{"x":-0.04232907295227051,"y":0.9447203278541565,"z":-0.2956658601760864,"w":-0.13525129854679109},"size":0.8142682909965515,"orthographic":false}