{"cameraMode":{"drawMode":0,"name":"Shaded","section":"Shading Mode"},"sceneLighting":false,"audioPlay":false,"sceneViewState":{"showFog":true,"showMaterialUpdate":false,"showSkybox":false,"showFlares":true,"showImageEffects":true,"showParticleSystems":true},"in2DMode":false,"pivot":{"x":-0.6890392303466797,"y":-2.3876357078552248,"z":4.771110534667969},"rotation":{"x":0.21046584844589234,"y":-0.12716442346572877,"z":0.027622751891613008,"w":0.9689016938209534},"size":6.549753189086914,"orthographic":false}