{"cameraMode":{"drawMode":0,"name":"Shaded","section":"Shading Mode"},"sceneLighting":false,"audioPlay":false,"sceneViewState":{"showFog":true,"showMaterialUpdate":false,"showSkybox":false,"showFlares":true,"showImageEffects":true,"showParticleSystems":true},"in2DMode":false,"pivot":{"x":-1.4558887481689454,"y":7.271237373352051,"z":-0.7004833221435547},"rotation":{"x":-0.0734563022851944,"y":0.9265036582946777,"z":-0.26541733741760256,"w":-0.25641748309135439},"size":13.191706657409668,"orthographic":false}