{"cameraMode":{"drawMode":0,"name":"Shaded","section":"Shading Mode"},"sceneLighting":false,"audioPlay":false,"sceneViewState":{"showFog":true,"showMaterialUpdate":false,"showSkybox":false,"showFlares":true,"showImageEffects":true,"showParticleSystems":true},"in2DMode":false,"pivot":{"x":359.96343994140627,"y":40.909278869628909,"z":446.537841796875},"rotation":{"x":0.13246403634548188,"y":-0.025272440165281297,"z":0.0033787358552217485,"w":0.9908599257469177},"size":314.9466552734375,"orthographic":false}